{
  "stage1A": {
    "macro": 0.4430869709864753,
    "macro_std": 0.056604174051750486,
    "per_type": {
      "func": 0.5934523809523808,
      "param": 0.40729584816805914,
      "dep": 0.33648351648351654,
      "ctx": 0.43511613834194474
    }
  },
  "influence": [
    [
      0.0,
      0.4,
      0.129,
      0.482
    ],
    [
      0.642,
      0.0,
      0.264,
      0.491
    ],
    [
      0.355,
      0.452,
      0.0,
      0.581
    ],
    [
      0.661,
      0.419,
      0.29,
      0.0
    ]
  ],
  "stage1BC": {
    "1": {
      "coverage": 0.487,
      "avg_questions": 0.53
    },
    "2": {
      "coverage": 0.781,
      "avg_questions": 0.91
    },
    "3": {
      "coverage": 0.893,
      "avg_questions": 1.11
    }
  }
}